Gender,NumPartners
Man,0
Man,0
Man,0
Man,0
Man,0
Man,0
Man,1
Man,1
Man,1
Man,1
Man,1
Man,1
Man,1
Man,1
Man,1
Man,1
Man,1
Man,1
Man,1
Man,1
Man,1
Man,1
Man,1
Man,1
Man,1
Man,1
Man,1
Man,1
Man,1
Man,1
Man,1
Man,1
Man,1
Man,1
Man,1
Man,1
Man,1
Man,1
Man,1
Man,1
Man,1
Man,1
Man,1
Man,1
Man,1
Man,1
Man,1
Man,1
Man,1
Man,1
Man,1
Man,1
Man,1
Man,1
Man,1
Man,1
Man,1
Man,1
Man,1
Man,1
Man,1
Man,1
Man,1
Man,1
Man,1
Man,1
Man,1
Man,1
Man,1
Man,1
Man,1
Man,1
Man,1
Man,1
Man,1
Man,1
Man,1
Man,1
Man,1
Man,1
Man,1
Man,1
Man,1
Man,1
Man,1
Man,1
Man,1
Man,1
Man,1
Man,1
Man,1
Man,1
Man,1
Man,1
Man,1
Man,1
Man,1
Man,1
Man,1
Man,1
Man,1
Man,1
Man,1
Man,1
Man,1
Man,1
Man,2
Man,2
Man,2
Man,2
Man,2
Man,2
Man,2
Man,2
Man,2
Man,2
Man,2
Man,2
Man,2
Man,2
Man,2
Man,2
Man,2
Man,2
Man,2
Man,2
Man,2
Man,2
Man,2
Man,2
Man,2
Man,2
Man,2
Man,2
Man,2
Man,2
Man,2
Man,2
Man,2
Man,2
Man,2
Man,2
Man,2
Man,2
Man,2
Man,2
Man,2
Man,2
Man,2
Man,2
Man,3
Man,3
Man,3
Man,3
Man,3
Man,3
Man,3
Man,3
Man,3
Man,3
Man,3
Man,3
Man,3
Man,3
Man,3
Man,3
Man,3
Man,3
Man,3
Man,3
Man,3
Man,3
Man,3
Man,3
Man,3
Man,3
Man,3
Man,3
Man,3
Man,3
Man,3
Man,3
Man,3
Man,3
Man,3
Man,3
Man,3
Man,3
Man,3
Man,4
Man,4
Man,4
Man,4
Man,4
Man,4
Man,4
Man,4
Man,4
Man,4
Man,4
Man,4
Man,4
Man,4
Man,4
Man,4
Man,4
Man,4
Man,4
Man,4
Man,4
Man,4
Man,4
Man,4
Man,4
Man,4
Man,4
Man,4
Man,4
Man,4
Man,4
Man,4
Man,4
Man,4
Man,4
Man,4
Man,4
Man,4
Man,4
Man,4
Man,4
Man,4
Man,4
Man,4
Man,4
Man,4
Man,4
Man,4
Man,4
Man,4
Man,4
Man,4
Man,4
Man,4
Man,4
Man,4
Man,4
Man,4
Man,5
Man,5
Man,5
Man,5
Man,5
Man,5
Man,5
Man,5
Man,5
Man,5
Man,5
Man,5
Man,5
Man,5
Man,5
Man,5
Man,5
Man,5
Man,5
Man,5
Man,5
Man,5
Man,5
Man,5
Man,5
Man,5
Man,5
Man,5
Man,5
Man,5
Man,5
Man,5
Man,5
Man,5
Man,5
Man,5
Man,5
Man,5
Man,5
Man,5
Man,5
Man,5
Man,5
Man,5
Man,5
Man,5
Man,5
Man,5
Man,5
Man,5
Man,5
Man,6
Man,6
Man,6
Man,6
Man,6
Man,6
Man,6
Man,6
Man,6
Man,6
Man,6
Man,6
Man,6
Man,6
Man,6
Man,6
Man,6
Man,6
Man,6
Man,6
Man,6
Man,6
Man,6
Man,6
Man,6
Man,6
Man,6
Man,6
Man,6
Man,6
Man,6
Man,6
Man,6
Man,6
Man,6
Man,6
Man,6
Man,6
Man,6
Man,6
Man,6
Man,6
Man,6
Man,6
Man,6
Man,6
Man,6
Man,6
Man,6
Man,6
Man,6
Man,6
Man,7
Man,7
Man,7
Man,7
Man,7
Man,7
Man,7
Man,7
Man,7
Man,7
Man,7
Man,7
Man,7
Man,7
Man,7
Man,7
Man,7
Man,7
Man,7
Man,7
Man,7
Man,7
Man,7
Man,7
Man,7
Man,7
Man,7
Man,7
Man,7
Man,7
Man,7
Man,7
Man,7
Man,8
Man,8
Man,8
Man,8
Man,8
Man,8
Man,8
Man,8
Man,8
Man,8
Man,8
Man,8
Man,8
Man,8
Man,8
Man,8
Man,8
Man,8
Man,8
Man,8
Man,8
Man,8
Man,8
Man,8
Man,8
Man,8
Man,8
Man,8
Man,8
Man,8
Man,8
Man,8
Man,8
Man,8
Man,8
Man,8
Man,8
Man,8
Man,8
Man,8
Man,8
Man,8
Man,8
Man,8
Man,8
Man,8
Man,8
Man,9
Man,9
Man,9
Man,9
Man,9
Man,9
Man,9
Man,9
Man,9
Man,9
Man,9
Man,9
Man,9
Man,9
Man,9
Man,9
Man,9
Man,9
Man,9
Man,9
Man,9
Man,9
Man,9
Man,10
Man,10
Man,10
Man,10
Man,10
Man,10
Man,10
Man,10
Man,10
Man,10
Man,10
Man,10
Man,10
Man,10
Man,10
Man,10
Man,10
Man,10
Man,10
Man,10
Man,10
Man,10
Man,10
Man,10
Man,10
Man,10
Man,10
Man,10
Man,10
Man,10
Man,10
Man,10
Man,10
Man,10
Man,10
Man,10
Man,10
Man,10
Man,10
Man,10
Man,10
Man,10
Man,10
Man,10
Man,10
Man,10
Man,10
Man,11
Man,11
Man,11
Man,11
Man,11
Man,11
Man,11
Man,11
Man,11
Man,12
Man,12
Man,12
Man,12
Man,12
Man,12
Man,12
Man,12
Man,12
Man,12
Man,12
Man,12
Man,12
Man,12
Man,12
Man,12
Man,12
Man,12
Man,12
Man,12
Man,12
Man,12
Man,12
Man,12
Man,13
Man,13
Man,13
Man,13
Man,13
Man,14
Man,14
Man,14
Man,14
Man,14
Man,14
Man,15
Man,15
Man,15
Man,15
Man,15
Man,15
Man,15
Man,15
Man,15
Man,15
Man,15
Man,15
Man,15
Man,15
Man,15
Man,15
Man,15
Man,15
Man,15
Man,15
Man,15
Man,15
Man,15
Man,15
Man,16
Man,16
Man,16
Man,16
Man,16
Man,16
Man,16
Man,16
Man,16
Man,17
Man,17
Man,17
Man,17
Man,17
Man,17
Man,17
Man,18
Man,18
Man,18
Man,18
Man,18
Man,18
Man,18
Man,18
Man,18
Man,19
Man,19
Man,20
Man,20
Man,20
Man,20
Man,20
Man,20
Man,20
Man,20
Man,20
Man,20
Man,20
Man,20
Man,20
Man,20
Man,20
Man,20
Man,20
Man,20
Man,20
Man,20
Man,20
Man,20
Man,20
Man,20
Man,20
Man,20
Man,20
Man,20
Man,20
Man,20
Man,20
Man,20
Man,20
Man,20
Man,20
Man,20
Man,20
Man,20
Man,21
Man,21
Man,21
Man,21
Man,21
Man,21
Man,22
Man,22
Man,23
Man,23
Man,23
Man,23
Man,23
Man,23
Man,24
Man,24
Man,24
Man,25
Man,25
Man,25
Man,25
Man,25
Man,25
Man,25
Man,25
Man,25
Man,26
Man,26
Man,26
Man,26
Man,27
Man,27
Man,28
Man,28
Man,28
Man,28
Man,28
Man,28
Man,29
Man,29
Man,30
Man,30
Man,30
Man,30
Man,30
Man,30
Man,30
Man,30
Man,30
Man,30
Man,30
Man,30
Man,30
Man,30
Man,30
Man,30
Man,30
Man,30
Man,30
Man,30
Man,30
Man,30
Man,30
Man,30
Man,30
Man,30
Man,30
Man,30
Man,30
Man,30
Man,30
Man,30
Man,30
Man,30
Man,30
Man,30
Man,30
Man,30
Man,31
Man,32
Man,32
Man,34
Man,34
Man,35
Man,35
Man,35
Man,35
Man,35
Man,35
Man,35
Man,35
Man,35
Man,35
Man,35
Man,35
Man,38
Man,38
Man,40
Man,40
Man,40
Man,40
Man,40
Man,40
Man,40
Man,40
Man,40
Man,40
Man,40
Man,40
Man,40
Man,42
Man,42
Man,45
Man,45
Man,45
Man,45
Man,47
Man,50
Man,50
Man,50
Man,50
Man,50
Man,50
Man,50
Man,50
Man,50
Man,50
Man,52
Man,52
Man,55
Man,55
Man,55
Man,60
Man,60
Man,65
Man,70
Man,70
Man,70
Man,70
Man,80
Man,80
Man,98
Man,100
Man,100
Man,100
Man,100
Man,100
Man,100
Man,100
Man,100
Man,100
Man,100
Man,115
Man,130
Man,145
Man,150
Man,150
Man,153
Man,250
Man,400
Man,403
Man,500
Man,501
Woman,0
Woman,0
Woman,0
Woman,0
Woman,0
Woman,1
Woman,1
Woman,1
Woman,1
Woman,1
Woman,1
Woman,1
Woman,1
Woman,1
Woman,1
Woman,1
Woman,1
Woman,1
Woman,1
Woman,1
Woman,1
Woman,1
Woman,1
Woman,1
Woman,1
Woman,1
Woman,1
Woman,1
Woman,1
Woman,1
Woman,1
Woman,1
Woman,1
Woman,1
Woman,1
Woman,1
Woman,1
Woman,1
Woman,1
Woman,1
Woman,1
Woman,1
Woman,1
Woman,1
Woman,1
Woman,1
Woman,1
Woman,1
Woman,1
Woman,1
Woman,1
Woman,1
Woman,1
Woman,1
Woman,1
Woman,1
Woman,1
Woman,1
Woman,1
Woman,1
Woman,1
Woman,1
Woman,1
Woman,1
Woman,1
Woman,1
Woman,1
Woman,1
Woman,1
Woman,1
Woman,1
Woman,1
Woman,1
Woman,1
Woman,1
Woman,1
Woman,1
Woman,1
Woman,1
Woman,1
Woman,1
Woman,1
Woman,1
Woman,1
Woman,1
Woman,1
Woman,1
Woman,1
Woman,1
Woman,1
Woman,1
Woman,1
Woman,1
Woman,1
Woman,1
Woman,1
Woman,1
Woman,1
Woman,1
Woman,1
Woman,1
Woman,1
Woman,1
Woman,1
Woman,1
Woman,1
Woman,1
Woman,1
Woman,1
Woman,1
Woman,1
Woman,1
Woman,1
Woman,1
Woman,1
Woman,1
Woman,1
Woman,1
Woman,1
Woman,1
Woman,1
Woman,1
Woman,1
Woman,1
Woman,1
Woman,1
Woman,1
Woman,1
Woman,1
Woman,1
Woman,1
Woman,1
Woman,1
Woman,1
Woman,1
Woman,1
Woman,1
Woman,1
Woman,1
Woman,1
Woman,1
Woman,1
Woman,1
Woman,1
Woman,1
Woman,1
Woman,1
Woman,1
Woman,1
Woman,1
Woman,1
Woman,1
Woman,1
Woman,1
Woman,1
Woman,1
Woman,1
Woman,1
Woman,1
Woman,1
Woman,1
Woman,1
Woman,1
Woman,1
Woman,1
Woman,1
Woman,1
Woman,1
Woman,1
Woman,1
Woman,1
Woman,1
Woman,1
Woman,1
Woman,1
Woman,1
Woman,1
Woman,1
Woman,1
Woman,1
Woman,1
Woman,1
Woman,1
Woman,1
Woman,1
Woman,1
Woman,1
Woman,1
Woman,1
Woman,1
Woman,1
Woman,1
Woman,1
Woman,1
Woman,1
Woman,1
Woman,1
Woman,1
Woman,1
Woman,1
Woman,1
Woman,1
Woman,1
Woman,1
Woman,1
Woman,1
Woman,1
Woman,1
Woman,1
Woman,1
Woman,1
Woman,1
Woman,1
Woman,1
Woman,1
Woman,1
Woman,1
Woman,2
Woman,2
Woman,2
Woman,2
Woman,2
Woman,2
Woman,2
Woman,2
Woman,2
Woman,2
Woman,2
Woman,2
Woman,2
Woman,2
Woman,2
Woman,2
Woman,2
Woman,2
Woman,2
Woman,2
Woman,2
Woman,2
Woman,2
Woman,2
Woman,2
Woman,2
Woman,2
Woman,2
Woman,2
Woman,2
Woman,2
Woman,2
Woman,2
Woman,2
Woman,2
Woman,2
Woman,2
Woman,2
Woman,2
Woman,2
Woman,2
Woman,2
Woman,2
Woman,2
Woman,2
Woman,2
Woman,2
Woman,2
Woman,2
Woman,2
Woman,2
Woman,2
Woman,2
Woman,2
Woman,2
Woman,2
Woman,2
Woman,2
Woman,2
Woman,2
Woman,2
Woman,2
Woman,2
Woman,2
Woman,2
Woman,2
Woman,2
Woman,2
Woman,2
Woman,2
Woman,2
Woman,2
Woman,2
Woman,2
Woman,2
Woman,2
Woman,2
Woman,2
Woman,2
Woman,2
Woman,2
Woman,2
Woman,2
Woman,2
Woman,2
Woman,2
Woman,2
Woman,2
Woman,2
Woman,2
Woman,2
Woman,2
Woman,2
Woman,3
Woman,3
Woman,3
Woman,3
Woman,3
Woman,3
Woman,3
Woman,3
Woman,3
Woman,3
Woman,3
Woman,3
Woman,3
Woman,3
Woman,3
Woman,3
Woman,3
Woman,3
Woman,3
Woman,3
Woman,3
Woman,3
Woman,3
Woman,3
Woman,3
Woman,3
Woman,3
Woman,3
Woman,3
Woman,3
Woman,3
Woman,3
Woman,3
Woman,3
Woman,3
Woman,3
Woman,3
Woman,3
Woman,3
Woman,3
Woman,3
Woman,3
Woman,3
Woman,3
Woman,3
Woman,3
Woman,3
Woman,3
Woman,3
Woman,3
Woman,3
Woman,3
Woman,3
Woman,3
Woman,3
Woman,3
Woman,3
Woman,3
Woman,3
Woman,3
Woman,3
Woman,3
Woman,3
Woman,3
Woman,3
Woman,3
Woman,3
Woman,3
Woman,3
Woman,3
Woman,3
Woman,3
Woman,3
Woman,3
Woman,3
Woman,3
Woman,3
Woman,3
Woman,3
Woman,3
Woman,3
Woman,3
Woman,3
Woman,3
Woman,3
Woman,3
Woman,3
Woman,3
Woman,3
Woman,3
Woman,3
Woman,3
Woman,3
Woman,3
Woman,3
Woman,3
Woman,3
Woman,3
Woman,3
Woman,3
Woman,3
Woman,3
Woman,3
Woman,3
Woman,3
Woman,3
Woman,3
Woman,3
Woman,3
Woman,3
Woman,3
Woman,3
Woman,3
Woman,3
Woman,3
Woman,3
Woman,3
Woman,3
Woman,3
Woman,3
Woman,3
Woman,3
Woman,3
Woman,3
Woman,3
Woman,3
Woman,3
Woman,3
Woman,3
Woman,3
Woman,4
Woman,4
Woman,4
Woman,4
Woman,4
Woman,4
Woman,4
Woman,4
Woman,4
Woman,4
Woman,4
Woman,4
Woman,4
Woman,4
Woman,4
Woman,4
Woman,4
Woman,4
Woman,4
Woman,4
Woman,4
Woman,4
Woman,4
Woman,4
Woman,4
Woman,4
Woman,4
Woman,4
Woman,4
Woman,4
Woman,4
Woman,4
Woman,4
Woman,4
Woman,4
Woman,4
Woman,4
Woman,4
Woman,4
Woman,4
Woman,4
Woman,4
Woman,4
Woman,4
Woman,4
Woman,4
Woman,4
Woman,4
Woman,4
Woman,4
Woman,4
Woman,4
Woman,4
Woman,4
Woman,4
Woman,4
Woman,4
Woman,4
Woman,4
Woman,4
Woman,4
Woman,4
Woman,4
Woman,4
Woman,4
Woman,4
Woman,4
Woman,4
Woman,4
Woman,4
Woman,4
Woman,4
Woman,4
Woman,4
Woman,4
Woman,4
Woman,4
Woman,4
Woman,4
Woman,4
Woman,4
Woman,4
Woman,4
Woman,4
Woman,4
Woman,4
Woman,4
Woman,4
Woman,5
Woman,5
Woman,5
Woman,5
Woman,5
Woman,5
Woman,5
Woman,5
Woman,5
Woman,5
Woman,5
Woman,5
Woman,5
Woman,5
Woman,5
Woman,5
Woman,5
Woman,5
Woman,5
Woman,5
Woman,5
Woman,5
Woman,5
Woman,5
Woman,5
Woman,5
Woman,5
Woman,5
Woman,5
Woman,5
Woman,5
Woman,5
Woman,5
Woman,5
Woman,5
Woman,5
Woman,5
Woman,5
Woman,5
Woman,5
Woman,5
Woman,5
Woman,5
Woman,5
Woman,5
Woman,5
Woman,5
Woman,5
Woman,5
Woman,5
Woman,5
Woman,5
Woman,5
Woman,5
Woman,5
Woman,5
Woman,5
Woman,5
Woman,5
Woman,5
Woman,5
Woman,5
Woman,5
Woman,5
Woman,5
Woman,5
Woman,5
Woman,5
Woman,5
Woman,5
Woman,5
Woman,5
Woman,5
Woman,5
Woman,5
Woman,5
Woman,5
Woman,5
Woman,5
Woman,5
Woman,5
Woman,5
Woman,5
Woman,5
Woman,5
Woman,5
Woman,5
Woman,5
Woman,5
Woman,5
Woman,5
Woman,5
Woman,5
Woman,5
Woman,5
Woman,5
Woman,5
Woman,5
Woman,5
Woman,5
Woman,5
Woman,5
Woman,6
Woman,6
Woman,6
Woman,6
Woman,6
Woman,6
Woman,6
Woman,6
Woman,6
Woman,6
Woman,6
Woman,6
Woman,6
Woman,6
Woman,6
Woman,6
Woman,6
Woman,6
Woman,6
Woman,6
Woman,6
Woman,6
Woman,6
Woman,6
Woman,6
Woman,6
Woman,6
Woman,6
Woman,6
Woman,6
Woman,6
Woman,6
Woman,6
Woman,6
Woman,6
Woman,6
Woman,6
Woman,6
Woman,6
Woman,6
Woman,6
Woman,6
Woman,6
Woman,6
Woman,6
Woman,6
Woman,6
Woman,6
Woman,6
Woman,6
Woman,6
Woman,6
Woman,6
Woman,6
Woman,6
Woman,6
Woman,6
Woman,6
Woman,6
Woman,6
Woman,6
Woman,6
Woman,6
Woman,6
Woman,6
Woman,6
Woman,6
Woman,6
Woman,6
Woman,6
Woman,6
Woman,6
Woman,6
Woman,6
Woman,6
Woman,6
Woman,7
Woman,7
Woman,7
Woman,7
Woman,7
Woman,7
Woman,7
Woman,7
Woman,7
Woman,7
Woman,7
Woman,7
Woman,7
Woman,7
Woman,7
Woman,7
Woman,7
Woman,7
Woman,7
Woman,7
Woman,7
Woman,7
Woman,7
Woman,7
Woman,7
Woman,7
Woman,7
Woman,7
Woman,7
Woman,7
Woman,7
Woman,7
Woman,7
Woman,7
Woman,7
Woman,7
Woman,7
Woman,7
Woman,7
Woman,7
Woman,7
Woman,7
Woman,7
Woman,7
Woman,7
Woman,7
Woman,7
Woman,7
Woman,7
Woman,7
Woman,7
Woman,7
Woman,7
Woman,7
Woman,7
Woman,7
Woman,7
Woman,7
Woman,7
Woman,7
Woman,7
Woman,7
Woman,7
Woman,8
Woman,8
Woman,8
Woman,8
Woman,8
Woman,8
Woman,8
Woman,8
Woman,8
Woman,8
Woman,8
Woman,8
Woman,8
Woman,8
Woman,8
Woman,8
Woman,8
Woman,8
Woman,8
Woman,8
Woman,8
Woman,8
Woman,8
Woman,8
Woman,8
Woman,8
Woman,8
Woman,8
Woman,8
Woman,8
Woman,8
Woman,8
Woman,8
Woman,8
Woman,8
Woman,8
Woman,8
Woman,8
Woman,8
Woman,8
Woman,8
Woman,8
Woman,8
Woman,8
Woman,8
Woman,8
Woman,8
Woman,8
Woman,8
Woman,8
Woman,8
Woman,8
Woman,8
Woman,8
Woman,8
Woman,8
Woman,8
Woman,8
Woman,8
Woman,8
Woman,9
Woman,9
Woman,9
Woman,9
Woman,9
Woman,9
Woman,9
Woman,9
Woman,9
Woman,9
Woman,9
Woman,9
Woman,9
Woman,9
Woman,9
Woman,9
Woman,9
Woman,9
Woman,9
Woman,9
Woman,9
Woman,9
Woman,9
Woman,9
Woman,9
Woman,9
Woman,9
Woman,9
Woman,9
Woman,9
Woman,9
Woman,9
Woman,9
Woman,10
Woman,10
Woman,10
Woman,10
Woman,10
Woman,10
Woman,10
Woman,10
Woman,10
Woman,10
Woman,10
Woman,10
Woman,10
Woman,10
Woman,10
Woman,10
Woman,10
Woman,10
Woman,10
Woman,10
Woman,10
Woman,10
Woman,10
Woman,10
Woman,10
Woman,10
Woman,10
Woman,10
Woman,10
Woman,10
Woman,10
Woman,10
Woman,10
Woman,10
Woman,10
Woman,10
Woman,10
Woman,10
Woman,10
Woman,10
Woman,10
Woman,10
Woman,10
Woman,10
Woman,10
Woman,10
Woman,10
Woman,10
Woman,10
Woman,10
Woman,10
Woman,10
Woman,10
Woman,10
Woman,10
Woman,10
Woman,10
Woman,10
Woman,10
Woman,10
Woman,10
Woman,10
Woman,10
Woman,10
Woman,10
Woman,10
Woman,10
Woman,10
Woman,10
Woman,10
Woman,10
Woman,10
Woman,10
Woman,10
Woman,10
Woman,10
Woman,10
Woman,10
Woman,10
Woman,10
Woman,10
Woman,10
Woman,10
Woman,10
Woman,10
Woman,10
Woman,10
Woman,10
Woman,10
Woman,10
Woman,10
Woman,10
Woman,10
Woman,10
Woman,11
Woman,11
Woman,11
Woman,11
Woman,11
Woman,11
Woman,11
Woman,11
Woman,11
Woman,11
Woman,11
Woman,11
Woman,11
Woman,11
Woman,11
Woman,11
Woman,11
Woman,11
Woman,11
Woman,11
Woman,12
Woman,12
Woman,12
Woman,12
Woman,12
Woman,12
Woman,12
Woman,12
Woman,12
Woman,12
Woman,12
Woman,12
Woman,12
Woman,12
Woman,12
Woman,12
Woman,12
Woman,12
Woman,12
Woman,12
Woman,12
Woman,12
Woman,12
Woman,12
Woman,12
Woman,12
Woman,12
Woman,12
Woman,12
Woman,12
Woman,12
Woman,13
Woman,13
Woman,13
Woman,13
Woman,13
Woman,13
Woman,13
Woman,13
Woman,14
Woman,14
Woman,14
Woman,14
Woman,14
Woman,14
Woman,14
Woman,14
Woman,14
Woman,14
Woman,14
Woman,14
Woman,14
Woman,14
Woman,14
Woman,14
Woman,15
Woman,15
Woman,15
Woman,15
Woman,15
Woman,15
Woman,15
Woman,15
Woman,15
Woman,15
Woman,15
Woman,15
Woman,15
Woman,15
Woman,15
Woman,15
Woman,15
Woman,15
Woman,15
Woman,15
Woman,15
Woman,15
Woman,15
Woman,15
Woman,15
Woman,15
Woman,15
Woman,15
Woman,15
Woman,16
Woman,16
Woman,16
Woman,16
Woman,16
Woman,16
Woman,16
Woman,17
Woman,18
Woman,18
Woman,18
Woman,18
Woman,18
Woman,18
Woman,18
Woman,18
Woman,19
Woman,19
Woman,19
Woman,19
Woman,19
Woman,20
Woman,20
Woman,20
Woman,20
Woman,20
Woman,20
Woman,20
Woman,20
Woman,20
Woman,20
Woman,20
Woman,20
Woman,20
Woman,20
Woman,20
Woman,20
Woman,20
Woman,20
Woman,20
Woman,20
Woman,20
Woman,20
Woman,20
Woman,20
Woman,20
Woman,20
Woman,20
Woman,20
Woman,20
Woman,21
Woman,21
Woman,21
Woman,21
Woman,21
Woman,22
Woman,22
Woman,23
Woman,23
Woman,23
Woman,23
Woman,23
Woman,24
Woman,25
Woman,25
Woman,25
Woman,25
Woman,25
Woman,25
Woman,25
Woman,25
Woman,25
Woman,25
Woman,25
Woman,25
Woman,25
Woman,25
Woman,25
Woman,25
Woman,26
Woman,26
Woman,28
Woman,28
Woman,29
Woman,29
Woman,29
Woman,29
Woman,30
Woman,30
Woman,30
Woman,30
Woman,30
Woman,30
Woman,30
Woman,30
Woman,30
Woman,30
Woman,30
Woman,30
Woman,30
Woman,31
Woman,31
Woman,31
Woman,31
Woman,32
Woman,32
Woman,35
Woman,35
Woman,35
Woman,35
Woman,35
Woman,36
Woman,40
Woman,40
Woman,40
Woman,40
Woman,41
Woman,41
Woman,50
Woman,50
Woman,50
Woman,50
Woman,50
Woman,50
Woman,50
Woman,50
Woman,52
Woman,52
Woman,60
Woman,62
Woman,63
Woman,70
Woman,550
